Round,Acc,Loss,Rej,TPR,FPR
0,24.390000104904175,tensor(2.1882),2,1.0,0.2
1,25.540000200271606,tensor(1.9310),1,1.0,0.0
2,33.66000056266785,tensor(1.7719),2,1.0,0.1111111111111111
3,34.610000252723694,tensor(1.8057),2,1.0,0.0
4,37.25999891757965,tensor(1.6774),1,1.0,0.1
5,38.40999901294708,tensor(1.6554),4,1.0,0.0
6,40.13000130653381,tensor(1.6425),2,1.0,0.0
7,42.8600013256073,tensor(1.5542),1,1.0,0.0
8,42.82999932765961,tensor(1.5433),5,1.0,0.0
9,46.29000127315521,tensor(1.4723),0,1.0,0.0
10,45.60999870300293,tensor(1.5049),1,1.0,0.0
11,48.019999265670776,tensor(1.4459),2,1.0,0.0
12,48.249998688697815,tensor(1.4481),2,1.0,0.1111111111111111
13,50.349998474121094,tensor(1.4151),2,1.0,0.0
14,50.349998474121094,tensor(1.4123),2,1.0,0.0
15,50.90000033378601,tensor(1.4069),3,1.0,0.0
16,51.95000171661377,tensor(1.4337),3,1.0,0.0
17,49.68999922275543,tensor(1.6129),2,1.0,0.0
18,51.38000249862671,tensor(1.4818),1,1.0,0.0
19,53.769999742507935,tensor(1.4151),2,1.0,0.0
