Round,Acc,Loss,Rej,TPR,FPR,Original_LSA,Best_LSA,LSA_Gain
0,22.48000055551529,tensor(2.1948),0,1.0,0.0,,,
1,26.080000400543213,tensor(1.9323),1,1.0,0.0,-0.28932358433489186,-0.2877136140856278,0.00160997024926407
2,33.799999952316284,tensor(1.7729),3,1.0,0.2222222222222222,-0.33759371543925765,-0.2968628279307393,0.04073088750851833
3,34.769999980926514,tensor(1.8028),2,1.0,0.0,-0.336253576356022,-0.2923132404307825,0.04394033592523949
4,37.90000081062317,tensor(1.6589),0,1.0,0.0,,,
5,38.33000063896179,tensor(1.6528),4,1.0,0.0,-0.32762845758423553,-0.30352561091431335,0.024102846669922184
6,40.29000103473663,tensor(1.6399),2,1.0,0.0,-0.3030331758087448,-0.2913207132553508,0.011712462553393976
7,43.25999915599823,tensor(1.5498),1,1.0,0.0,-0.3382397459261786,-0.28507579297938745,0.05316395294679116
8,43.140000104904175,tensor(1.5408),5,1.0,0.0,-0.3535363304700375,-0.307646197529902,0.0458901329401355
9,46.59999907016754,tensor(1.4688),0,1.0,0.0,,,
10,46.149998903274536,tensor(1.4957),1,1.0,0.0,-0.3509338431456657,-0.3042812650047168,0.04665257814094892
11,48.590001463890076,tensor(1.4343),2,1.0,0.0,-0.3241563370439703,-0.31240548170603505,0.01175085533793524
12,48.69000017642975,tensor(1.4430),2,1.0,0.1111111111111111,-0.32652698366676497,-0.3061675652789796,0.020359418387785377
13,50.88000297546387,tensor(1.4087),2,1.0,0.0,-0.3313502436317233,-0.307781473595236,0.023568770036487274
14,50.4800021648407,tensor(1.4091),2,1.0,0.0,-0.36590217616843845,-0.30166089920331335,0.0642412769651251
15,51.990002393722534,tensor(1.3945),3,1.0,0.0,-0.3440554509285681,-0.3055464802015691,0.03850897072699899
16,52.24999785423279,tensor(1.4422),3,1.0,0.0,-0.3399535471499471,-0.29873018909865673,0.04122335805129035
17,49.32999908924103,tensor(1.6292),2,1.0,0.0,-0.35275847134409555,-0.28416857051348077,0.06858990083061478
18,51.920002698898315,tensor(1.4704),1,1.0,0.0,-0.3385186264470453,-0.29542168027474996,0.043096946172295314
19,54.21000123023987,tensor(1.4074),2,1.0,0.0,-0.3482517149289146,-0.27125615901884437,0.07699555591007023
20,53.93000245094299,tensor(1.4968),1,1.0,0.0,-0.31352728571851535,-0.30263037717884794,0.010896908539667405
21,56.37999773025513,tensor(1.3196),3,1.0,0.0,-0.2844168681965494,-0.2844168681965494,0.0
22,58.420002460479736,tensor(1.3376),2,1.0,0.0,-0.3443148971422878,-0.3090548969702224,0.035260000172065376
23,57.109999656677246,tensor(1.3897),2,1.0,0.0,-0.3309878961786077,-0.29861553728259604,0.032372358896011644
24,56.779998540878296,tensor(1.4318),3,1.0,0.0,-0.3106971142257966,-0.27557129121662133,0.03512582300917527
25,57.69000053405762,tensor(1.3822),5,1.0,0.0,-0.2681126174942194,-0.2681126174942194,0.0
26,54.71000075340271,tensor(1.7671),5,1.0,0.0,-0.33090990985753815,-0.31004539687924504,0.020864512978293115
27,56.02999925613403,tensor(1.4507),1,1.0,0.0,-0.3282535950885496,-0.3006815578523589,0.027572037236190727
28,58.71000289916992,tensor(1.3912),3,1.0,0.0,-0.3143913605708073,-0.3079061734731127,0.006485187097694578
29,60.39999723434448,tensor(1.3181),2,1.0,0.0,-0.35424486555376705,-0.3066452536155663,0.047599611938200725
30,59.72999930381775,tensor(1.4120),3,1.0,0.0,-0.3232134010254734,-0.2930459697831937,0.03016743124227972
31,57.99000263214111,tensor(1.5003),2,1.0,0.1111111111111111,-0.3621172102162976,-0.28568996409049613,0.07642724612580148
32,59.18999910354614,tensor(1.4192),1,1.0,0.1,,,
33,60.100001096725464,tensor(1.3838),5,1.0,0.0,-0.2933183872157111,-0.29012216275320224,0.0031962244625088343
34,60.79000234603882,tensor(1.3902),3,1.0,0.0,-0.3739007523886378,-0.28713867619787975,0.08676207619075804
35,59.42000150680542,tensor(1.4712),0,1.0,0.0,,,
36,61.15000247955322,tensor(1.3794),1,1.0,0.0,-0.3382736553777875,-0.28700571580537654,0.05126793957241094
37,62.05000281333923,tensor(1.3022),2,1.0,0.0,-0.2954457105959464,-0.27517563594537414,0.020270074650572234
38,63.06999921798706,tensor(1.3025),2,1.0,0.0,-0.3591949557608102,-0.28922971741523534,0.06996523834557483
39,60.750001668930054,tensor(1.5169),2,1.0,0.0,-0.3701196755544547,-0.29993168532296977,0.07018799023148492
40,62.30999827384949,tensor(1.3653),3,1.0,0.0,-0.3057116512761859,-0.3057116512761859,0.0
41,61.51000261306763,tensor(1.4422),3,1.0,0.0,-0.3507694903377833,-0.28025527514519094,0.07051421519259238
42,62.88999915122986,tensor(1.3491),3,1.0,0.125,-0.3266268430118822,-0.2965248330972232,0.030102009914659
43,62.33999729156494,tensor(1.3888),1,1.0,0.0,-0.337705119007229,-0.2905890018563145,0.047116117150914516
44,62.5,tensor(1.3963),1,1.0,0.0,-0.3085786196011003,-0.29355288099147797,0.015025738609622308
45,63.359999656677246,tensor(1.3108),3,1.0,0.0,-0.3194298757284449,-0.283189804399881,0.03624007132856388
46,62.449997663497925,tensor(1.3738),1,1.0,0.0,-0.34593926074033043,-0.2847028405616472,0.06123642017868325
47,61.68000102043152,tensor(1.5141),4,1.0,0.0,-0.3419913235357074,-0.26941069684120644,0.07258062669450094
48,64.49999809265137,tensor(1.2802),4,1.0,0.0,-0.3056385106169134,-0.2886372024819782,0.017001308134935167
49,62.76000142097473,tensor(1.5291),3,1.0,0.0,-0.3696551615691279,-0.29264743004607907,0.07700773152304885
50,63.38000297546387,tensor(1.4323),2,1.0,0.0,-0.35025250083778264,-0.30306202430557505,0.04719047653220759
51,64.01000022888184,tensor(1.3878),3,1.0,0.0,-0.34586189895201974,-0.2591123151235683,0.08674958382845144
52,65.88000059127808,tensor(1.2770),1,1.0,0.0,-0.3041856023078508,-0.3003158733558984,0.0038697289519524225
53,63.09000253677368,tensor(1.4874),2,1.0,0.0,-0.34528017391310817,-0.2521069479252849,0.0931732259878233
54,63.91000151634216,tensor(1.4215),5,1.0,0.0,-0.36261805285961846,-0.28893463573161476,0.07368341712800369
55,65.9600019454956,tensor(1.2925),1,1.0,0.0,-0.34649326439390626,-0.29897199402540214,0.04752127036850412
56,65.27000069618225,tensor(1.2934),2,1.0,0.0,-0.35994756024894536,-0.29463681460978536,0.06531074563916
57,64.74999785423279,tensor(1.3649),2,1.0,0.0,-0.3418003076110059,-0.26114213410826237,0.08065817350274351
58,65.75000286102295,tensor(1.3528),2,1.0,0.0,-0.3100168007258052,-0.28792635312029813,0.022090447605507046
59,66.40999913215637,tensor(1.2454),1,1.0,0.0,-0.36083206152782105,-0.2790449961333425,0.08178706539447855
60,65.49000144004822,tensor(1.3925),3,1.0,0.0,-0.3093371325402157,-0.2981832164547751,0.01115391608544064
61,65.42999744415283,tensor(1.3537),5,1.0,0.0,-0.3622950053282625,-0.2702276804472194,0.09206732488104308
62,66.33999943733215,tensor(1.3355),3,1.0,0.0,-0.35561236803200275,-0.2841023488793247,0.07151001915267807
63,66.07999801635742,tensor(1.3241),4,1.0,0.0,-0.3833023348097476,-0.31037604693660165,0.07292628787314598
64,66.06000065803528,tensor(1.2969),2,1.0,0.1111111111111111,-0.3387652396479756,-0.28157802885944383,0.057187210788531784
65,66.60000085830688,tensor(1.3164),2,1.0,0.0,-0.3130600159147471,-0.2500802037693671,0.06297981214537995
66,66.17000102996826,tensor(1.3469),2,1.0,0.0,-0.3165412030719763,-0.2919989477927534,0.02454225527922288
67,66.68000221252441,tensor(1.2822),3,1.0,0.0,-0.3155860564202574,-0.2855780413114008,0.03000801510885659
68,67.23999977111816,tensor(1.2910),2,1.0,0.0,-0.2981575875187863,-0.2876913074027154,0.01046628011607087
69,65.93000292778015,tensor(1.4441),2,1.0,0.0,-0.3531876658707509,-0.30381226320313504,0.049375402667615864
70,66.58999919891357,tensor(1.2693),2,1.0,0.0,-0.3055753563312761,-0.29738648646147714,0.008188869869798943
71,66.68000221252441,tensor(1.3286),1,1.0,0.0,-0.3073614821204475,-0.26329681777684355,0.044064664343603954
72,66.32000207901001,tensor(1.3193),2,1.0,0.0,-0.3077001254093594,-0.2668640923230233,0.0408360330863361
73,67.25999712944031,tensor(1.2887),2,1.0,0.0,-0.30806000756810625,-0.26926288724814634,0.03879712031995991
74,66.82000160217285,tensor(1.3795),3,1.0,0.0,-0.3477937198338574,-0.29211371589707125,0.05568000393678613
75,66.01999998092651,tensor(1.3942),2,1.0,0.0,-0.32809878021766836,-0.29213571758624823,0.03596306263142013
76,66.47999882698059,tensor(1.3680),5,1.0,0.0,-0.26926521848991514,-0.26926521848991514,0.0
77,66.7900025844574,tensor(1.3403),4,1.0,0.0,-0.3206260139874783,-0.2946707274507314,0.02595528653674689
78,66.86000227928162,tensor(1.3282),3,1.0,0.0,-0.34420980414325103,-0.2716520609936138,0.07255774314963725
79,66.32000207901001,tensor(1.3621),4,1.0,0.0,-0.2895785122040441,-0.2716152028805908,0.017963309323453303
80,67.18000173568726,tensor(1.3034),3,1.0,0.0,-0.331480857238723,-0.2945381934077691,0.036942663830953903
81,66.72999858856201,tensor(1.3239),3,1.0,0.0,-0.3161081039438745,-0.275434207337739,0.04067389660613552
82,67.33999848365784,tensor(1.3290),2,1.0,0.0,-0.3107651943105008,-0.2988371435650673,0.011928050745433516
83,67.61999726295471,tensor(1.3125),0,1.0,0.0,,,
84,66.68000221252441,tensor(1.4652),3,1.0,0.0,-0.346984012712419,-0.2831593100300122,0.06382470268240681
85,66.32999777793884,tensor(1.3631),2,1.0,0.0,-0.32641912913616256,-0.2911861832979243,0.03523294583823827
86,66.51999950408936,tensor(1.3818),3,1.0,0.0,-0.32481710339872033,-0.2991412910796294,0.02567581231909094
87,67.69999861717224,tensor(1.3355),2,1.0,0.0,-0.31576814981941187,-0.28169355173281607,0.0340745980865958
88,66.97999835014343,tensor(1.3444),1,1.0,0.0,-0.32761258759980866,-0.28858401308987486,0.0390285745099338
89,68.01000237464905,tensor(1.2659),2,1.0,0.0,-0.3339169978081633,-0.3046432218473244,0.02927377596083891
90,67.00999736785889,tensor(1.3765),4,1.0,0.14285714285714285,-0.31861199378261423,-0.2788610600199812,0.039750933762633056
91,68.00000071525574,tensor(1.3707),2,1.0,0.0,-0.339701644329265,-0.2885310606777966,0.05117058365146837
92,66.86000227928162,tensor(1.4635),4,1.0,0.0,-0.3303713545704034,-0.2926788431173123,0.037692511453091104
93,67.80999898910522,tensor(1.3121),1,1.0,0.0,-0.3030261386259901,-0.2619655521148737,0.04106058651111638
94,67.39000082015991,tensor(1.4239),4,1.0,0.0,-0.33043312128020597,-0.27068906503959655,0.05974405624060941
95,67.94000267982483,tensor(1.3667),1,1.0,0.0,-0.3205316247841816,-0.294362118034385,0.026169506749796623
96,68.55000257492065,tensor(1.2679),3,1.0,0.0,-0.3389127913399164,-0.28640462283247,0.05250816850744644
97,68.15000176429749,tensor(1.3971),1,1.0,0.0,-0.3157525796333231,-0.27182656459167903,0.04392601504164406
98,67.53000020980835,tensor(1.3988),3,1.0,0.2222222222222222,-0.337252753877018,-0.29033162861374917,0.046921125263268804
99,67.91999936103821,tensor(1.4162),1,1.0,0.0,-0.3004022510808978,-0.26414169392259224,0.03626055715830556
